{
  "PlayerData": {
    "X": 4.883054,
    "Y": -3.095992,
    "Z": 0.0,
    "CurrentHealth": 70
  }
}