{
  "PlayerData": {
    "X": 3.21500063,
    "Y": 1.94900274,
    "Z": 0.0,
    "CurrentHealth": 80
  }
}